{
    "nb": {
        "fit_time": [
            1.6249589920043945, 1.628061056137085, 1.6413829326629639,
            1.6316368579864502, 1.6391270160675049
        ],
        "score_time": [
            0.9699501991271973, 0.9549369812011719, 0.9680891036987305,
            0.9719099998474121, 0.9593479633331299
        ],
        "test_score": [
            0.551337282355053, 0.5501952160840102, 0.548759143741866,
            0.5520351837723826, 0.5517659202082305
        ],
        "train_score": [
            0.5978885248844411, 0.5984315573356669, 0.5993739692369829,
            0.598521310850078, 0.5970852546195012
        ]
    },
    "perceptron": {
        "fit_time": [
            45.13436007499695, 42.928382873535156, 44.52888584136963,
            45.20069622993469, 41.05103087425232
        ],
        "score_time": [
            0.8383669853210449, 0.75341796875, 0.7376880645751953,
            0.7289648056030273, 0.8732531070709229
        ],
        "test_score": [
            0.4869413031771675, 0.4973746802495176, 0.48934165058564827,
            0.4729614504330656, 0.48808508728627203
        ],
        "train_score": [
            0.7739644572095319, 0.7804068078040681, 0.7718353471778129,
            0.7637014349343116, 0.7776020104787228
        ]
    },
    "svm": {
        "fit_time": [
            116.37803602218628, 115.30765271186829, 115.2631778717041,
            116.75231695175171, 116.86436796188354
        ],
        "score_time": [
            0.7955372333526611, 0.7572181224822998, 0.8190310001373291,
            0.8025767803192139, 0.7988929748535156
        ],
        "test_score": [
            0.6243044336743853, 0.6273841044742628, 0.6294035812054032,
            0.621594937844994, 0.6293587039447112
        ],
        "train_score": [
            0.969270295741148, 0.9697867232113807, 0.9703476826764498,
            0.9698203807792849, 0.9703252442978471
        ]
    },
    "tree": {
        "fit_time": [
            6.783125877380371, 6.850972890853882, 6.943457126617432,
            6.459445953369141, 6.699882984161377
        ],
        "score_time": [
            0.28105902671813965, 0.24191999435424805, 0.27635669708251953,
            0.23241925239562988, 0.24962377548217773
        ],
        "test_score": [
            0.3358912224017232, 0.33043127047525017, 0.3371628595790513,
            0.3311493066463223, 0.33393169680922674
        ],
        "train_score": [
            0.4109859534174034, 0.4077165584014899, 0.41385345494934533,
            0.4082326411093534, 0.4077165584014899
        ]
    }
}
